600,ALEX,AVILA,ALEX.AVILA@yahoo.com,8955950,7457419,30,74
601,ALLEN,ARMOLD,ALLEN.ARMOLD@gmail.com,453288188,3310029,25,15
602,ALEJANDOR,ANDREADI,ALEJANDOR.ANDREADI@gmail.com,526623286,6879806,25,15
603,ALYSSA,BELLAVANCE,ALYSSA.BELLAVANCE@gmail.com,980374966,3346623,8,22
604,ANN,BARTON,ANN.BARTON@gmail.com,879375819,4715645,1,125
605,AIMEE,EAST,AIMEE.EAST@gmail.com,492997435,6804513,7,205
606,AARON,CROUSE,AARON.CROUSE@gmail.com,685834018,8130656,33,158
607,ANDREW,ALLEN,ANDREW.ALLEN@yahoo.com,55,854,85,1