1,MARY,SMITH,MARY.SMITH@gmail.com,244730712,3929119,44,199
2,PATRICIA,JOHNSON,PATRICIA.JOHNSON@gmail.com,653768961,5410117,32,199
3,LINDA,WILLIAMS,LINDA.WILLIAMS@outlook.com,113388620,4094799,10,4
4,BARBARA,JONES,BARBARA.JONES@yahoo.com,18167938,7794434,87,187
5,ELIZABETH,BROWN,ELIZABETH.BROWN@gmail.com,13108443,9557245,32,121
6,JENNIFER,DAVIS,JENNIFER.DAVIS@outlook.com,689950363,5433053,83,121
7,MARIA,MILLER,MARIA.MILLER@outlook.com,503273524,3905769,78,135
8,SUSAN,WILSON,SUSAN.WILSON@mail.com,346429478,8066363,52,179
9,MARGARET,MOORE,MARGARET.MOORE@outlook.com,969261945,5447723,73,104
10,DOROTHY,TAYLOR,DOROTHY.TAYLOR@outlook.com,3477188,5068617,57,104
11,LISA,ANDERSON,LISA.ANDERSON@gmail.com,459874478,9567390,9,104
12,NANCY,THOMAS,NANCY.THOMAS@yahoo.com,916502271,7415724,72,110
13,KAREN,JACKSON,KAREN.JACKSON@outlook.com,770707533,5739960,40,210
14,BETTY,WHITE,BETTY.WHITE@outlook.com,854472708,6100873,1,235
15,HELEN,HARRIS,HELEN.HARRIS@gmail.com,605136391,8773526,71,196
16,SANDRA,MARTIN,SANDRA.MARTIN@outlook.com,137089631,7448592,64,235
17,DONNA,THOMPSON,DONNA.THOMPSON@outlook.com,318426229,5415672,61,139
18,CAROL,GARCIA,CAROL.GARCIA@gmail.com,412311226,5081953,59,128
19,RUTH,MARTINEZ,RUTH.MARTINEZ@gmail.com,601468175,4528025,79,130
20,SHARON,ROBINSON,SHARON.ROBINSON@outlook.com,50874430,6837215,8,72
21,MICHELLE,CLARK,MICHELLE.CLARK@mail.com,647431164,3181171,88,70
22,LAURA,RODRIGUEZ,LAURA.RODRIGUEZ@outlook.com,780062637,6611199,45,92
23,SARAH,LEWIS,SARAH.LEWIS@yahoo.com,175716732,6038183,5,236
24,KIMBERLY,LEE,KIMBERLY.LEE@gmail.com,306700812,5599602,74,102
25,DEBORAH,WALKER,DEBORAH.WALKER@outlook.com,365983055,3522108,62,235
26,JESSICA,HALL,JESSICA.HALL@gmail.com,942136536,6928840,58,146
27,SHIRLEY,ALLEN,SHIRLEY.ALLEN@gmail.com,461939601,8343678,65,211
28,CYNTHIA,YOUNG,CYNTHIA.YOUNG@gmail.com,606443903,6914263,51,43
29,ANGELA,HERNANDEZ,ANGELA.HERNANDEZ@gmail.com,316122482,9379811,84,93
30,MELISSA,KING,MELISSA.KING@gmail.com,201988168,6030921,19,87
31,BRENDA,WRIGHT,BRENDA.WRIGHT@gmail.com,687877085,8733398,74,41
32,AMY,LOPEZ,AMY.LOPEZ@gmail.com,49477407,7998709,55,20
33,ANNA,HILL,ANNA.HILL@gmail.com,808198697,6644992,0,235
34,REBECCA,SCOTT,REBECCA.SCOTT@gmail.com,785049621,7744532,70,125
35,VIRGINIA,GREEN,VIRGINIA.GREEN@gmail.com,315256258,7888506,4,94
36,KATHLEEN,ADAMS,KATHLEEN.ADAMS@gmail.com,372889225,7753957,55,47
37,PAMELA,BAKER,PAMELA.BAKER@gmail.com,957016191,3045955,35,299
38,MARTHA,GONZALEZ,MARTHA.GONZALEZ@gmail.com,754884359,3269378,11,120
39,DEBRA,NELSON,DEBRA.NELSON@gmail.com,12459272,9173246,67,159
40,AMANDA,CARTER,AMANDA.CARTER@gmail.com,756724071,6951812,16,113
41,STEPHANIE,MITCHELL,STEPHANIE.MITCHELL@mail.com,711958959,8830201,68,235
42,CAROLYN,PEREZ,CAROLYN.PEREZ@gmail.com,996980172,3802038,87,101
43,CHRISTINE,ROBERTS,CHRISTINE.ROBERTS@gmail.com,1236819,2355867,4,113
44,MARIE,TURNER,MARIE.TURNER@mail.com,113373248,2780730,9,233
45,JANET,PHILLIPS,JANET.PHILLIPS@gmail.com,438764902,9190145,14,221
46,CATHERINE,CAMPBELL,CATHERINE.CAMPBELL@gmail.com,948959630,3620470,88,171
47,FRANCES,PARKER,FRANCES.PARKER@gmail.com,973846165,7850646,70,78
48,ANN,EVANS,ANN.EVANS@gmail.com,1021750962,7948183,19,148
49,JOYCE,EDWARDS,JOYCE.EDWARDS@mail.com,102755570,6882471,15,235
50,DIANE,COLLINS,DIANE.COLLINS@yahoo.com,327144764,5380284,59,29
51,ALICE,STEWART,ALICE.STEWART@gmail.com,677389237,4558582,66,181
52,JULIE,SANCHEZ,JULIE.SANCHEZ@gmail.com,332931939,4785698,89,60
53,HEATHER,MORRIS,HEATHER.MORRIS@gmail.com,621239682,4524779,80,62
54,TERESA,ROGERS,TERESA.ROGERS@gmail.com,125175726,9061837,76,8
55,DORIS,REED,DORIS.REED@mail.com,5528969,6366956,67,235
56,GLORIA,COOK,GLORIA.COOK@gmail.com,649706530,4933059,36,59
57,EVELYN,MORGAN,EVELYN.MORGAN@gmail.com,11277882,3837316,55,301
58,JEAN,BELL,JEAN.BELL@gmail.com,626032424,9279153,71,139
59,CHERYL,MURPHY,CHERYL.MURPHY@gmail.com,661955125,7525181,72,43
60,MILDRED,BAILEY,MILDRED.BAILEY@gmail.com,636281085,7800583,60,37
61,KATHERINE,RIVERA,KATHERINE.RIVERA@yahoo.com,255925620,6154771,69,35
62,JOAN,COOPER,JOAN.COOPER@gmail.com,857965961,9172227,81,235
63,ASHLEY,RICHARDSON,ASHLEY.RICHARDSON@gmail.com,422324733,7845361,67,194
64,JUDITH,COX,JUDITH.COX@gmail.com,822018278,3430437,89,235
65,ROSE,HOWARD,ROSE.HOWARD@gmail.com,128555059,2359982,45,29
66,JANICE,WARD,JANICE.WARD@gmail.com,241079643,5620576,69,212
67,KELLY,TORRES,KELLY.TORRES@gmail.com,692463629,7028371,87,128
68,NICOLE,PETERSON,NICOLE.PETERSON@gmail.com,74159065,5284022,8,195
69,JUDY,GRAY,JUDY.GRAY@gmail.com,1035272251,7162175,35,216
70,CHRISTINA,RAMIREZ,CHRISTINA.RAMIREZ@gmail.com,805173101,5100022,47,20
71,KATHY,JAMES,KATHY.JAMES@gmail.com,762448193,9229962,35,215
72,THERESA,WATSON,THERESA.WATSON@gmail.com,514176999,8858467,88,48
73,BEVERLY,BROOKS,BEVERLY.BROOKS@gmail.com,997392766,7322868,41,296
74,DENISE,KELLY,DENISE.KELLY@gmail.com,732511865,7127190,82,220
75,TAMMY,SANDERS,TAMMY.SANDERS@gmail.com,834082501,3710874,86,76
76,IRENE,PRICE,IRENE.PRICE@gmail.com,339204188,9564853,78,157
77,JANE,BENNETT,JANE.BENNETT@gmail.com,332092247,3410779,82,161
78,LORI,WOOD,LORI.WOOD@gmail.com,102857580,6330367,25,46
79,RACHEL,BARNES,RACHEL.BARNES@yahoo.com,677660196,7077881,11,235
80,MARILYN,ROSS,MARILYN.ROSS@gmail.com,350715226,7526112,89,5
81,ANDREA,HENDERSON,ANDREA.HENDERSON@gmail.com,803743275,9330248,65,33
82,KATHRYN,COLEMAN,KATHRYN.COLEMAN@gmail.com,372645443,6334225,49,6
83,LOUISE,JENKINS,LOUISE.JENKINS@gmail.com,696137110,2352313,66,180
84,SARA,PERRY,SARA.PERRY@gmail.com,988996541,5879800,74,116
85,ANNE,POWELL,ANNE.POWELL@gmail.com,466677788,7790526,83,136
86,JACQUELINE,LONG,JACQUELINE.LONG@gmail.com,639916882,8270759,43,235
87,WANDA,PATTERSON,WANDA.PATTERSON@gmail.com,959465888,3863626,16,37
88,BONNIE,HUGHES,BONNIE.HUGHES@gmail.com,668778623,8793027,50,235
89,JULIA,FLORES,JULIA.FLORES@gmail.com,537478274,7178548,66,17
90,RUBY,WASHINGTON,RUBY.WASHINGTON@gmail.com,698642136,4314688,20,203
91,LOIS,BUTLER,LOIS.BUTLER@gmail.com,235752879,9419099,22,302
92,TINA,SIMMONS,TINA.SIMMONS@gmail.com,706265828,9732392,27,36
93,PHYLLIS,FOSTER,PHYLLIS.FOSTER@gmail.com,785788143,3758927,79,121
94,NORMA,GONZALES,NORMA.GONZALES@gmail.com,336788765,2351100,19,54
95,PAULA,BRYANT,PAULA.BRYANT@gmail.com,315392481,8598690,49,191
96,DIANA,ALEXANDER,DIANA.ALEXANDER@gmail.com,611728967,3061940,42,297
97,ANNIE,RUSSELL,ANNIE.RUSSELL@gmail.com,464719761,3672336,39,235
98,LILLIAN,GRIFFIN,LILLIAN.GRIFFIN@gmail.com,706819032,4673198,76,52
99,EMILY,DIAZ,EMILY.DIAZ@gmail.com,1007031696,4514138,69,75
100,ROBIN,HAYES,ROBIN.HAYES@gmail.com,1898365,5479144,42,217
101,PEGGY,MYERS,PEGGY.MYERS@gmail.com,843877075,8364530,80,96
102,CRYSTAL,FORD,CRYSTAL.FORD@gmail.com,768559689,8444334,57,303
103,GLADYS,HAMILTON,GLADYS.HAMILTON@gmail.com,650778939,9416088,80,43
104,RITA,GRAHAM,RITA.GRAHAM@gmail.com,1019740672,9949712,87,146
105,DAWN,SULLIVAN,DAWN.SULLIVAN@gmail.com,944059518,2900928,38,306
106,CONNIE,WALLACE,CONNIE.WALLACE@gmail.com,185413889,3031529,0,195
107,FLORENCE,WOODS,FLORENCE.WOODS@gmail.com,507561052,9947757,0,235
108,TRACY,COLE,TRACY.COLE@gmail.com,931914252,6131634,24,160
109,EDNA,WEST,EDNA.WEST@gmail.com,973296186,5431928,31,235
110,TIFFANY,JORDAN,TIFFANY.JORDAN@gmail.com,190025294,7467908,16,207
111,CARMEN,OWENS,CARMEN.OWENS@gmail.com,541443175,3141204,69,200
112,ROSA,REYNOLDS,ROSA.REYNOLDS@gmail.com,637664360,6413098,59,229
113,CINDY,FISHER,CINDY.FISHER@gmail.com,515743137,9514757,19,193
114,GRACE,ELLIS,GRACE.ELLIS@gmail.com,616848791,8800096,45,235
115,WENDY,HARRISON,WENDY.HARRISON@gmail.com,120347384,5737264,62,151
116,VICTORIA,GIBSON,VICTORIA.GIBSON@gmail.com,831580410,9218258,54,233
117,EDITH,MCDONALD,EDITH.MCDONALD@gmail.com,719553604,6821559,41,58
118,KIM,CRUZ,KIM.CRUZ@gmail.com,323183282,3546074,47,96
119,SHERRY,MARSHALL,SHERRY.MARSHALL@gmail.com,141909213,8699413,19,235
120,SYLVIA,ORTIZ,SYLVIA.ORTIZ@gmail.com,96840205,6993445,13,28
121,JOSEPHINE,GOMEZ,JOSEPHINE.GOMEZ@gmail.com,411684309,4338255,28,298
122,THELMA,MURRAY,THELMA.MURRAY@gmail.com,1003219033,4226668,21,48
123,SHANNON,FREEMAN,SHANNON.FREEMAN@gmail.com,550791243,4265567,59,15
124,SHEILA,WELLS,SHEILA.WELLS@gmail.com,839630809,2357856,50,144
125,ETHEL,WEBB,ETHEL.WEBB@gmail.com,56697275,9181995,61,129
126,ELLEN,SIMPSON,ELLEN.SIMPSON@gmail.com,416053720,6427791,3,151
127,ELAINE,STEVENS,ELAINE.STEVENS@gmail.com,923677427,3275085,18,204
128,MARJORIE,TUCKER,MARJORIE.TUCKER@gmail.com,577507342,4329568,14,34
129,CARRIE,PORTER,CARRIE.PORTER@gmail.com,335991400,4403228,51,25
130,CHARLOTTE,HUNTER,CHARLOTTE.HUNTER@gmail.com,637815607,3809138,90,221
131,MONICA,HICKS,MONICA.HICKS@gmail.com,357275658,2741917,29,142
132,ESTHER,CRAWFORD,ESTHER.CRAWFORD@gmail.com,997313806,8232449,7,66
133,PAULINE,HENRY,PAULINE.HENRY@gmail.com,921810217,7523824,0,76
134,EMMA,BOYD,EMMA.BOYD@gmail.com,50991745,7805613,48,193
135,JUANITA,MASON,JUANITA.MASON@gmail.com,156926747,8644436,31,216
136,ANITA,MORALES,ANITA.MORALES@gmail.com,134000422,3554204,16,235
137,RHONDA,KENNEDY,RHONDA.KENNEDY@gmail.com,363764916,8238448,58,196
138,HAZEL,WARREN,HAZEL.WARREN@gmail.com,198895722,9674561,67,88
139,AMBER,DIXON,AMBER.DIXON@gmail.com,644351984,7287595,70,116
140,EVA,RAMOS,EVA.RAMOS@gmail.com,241461954,7196321,62,198
141,DEBBIE,REYES,DEBBIE.REYES@gmail.com,604581303,8248936,83,235
142,APRIL,BURNS,APRIL.BURNS@gmail.com,22337609,8845189,67,70
143,LESLIE,GORDON,LESLIE.GORDON@gmail.com,120909275,7598419,49,144
144,CLARA,SHAW,CLARA.SHAW@gmail.com,341945189,7627737,22,186
145,LUCILLE,HOLMES,LUCILLE.HOLMES@gmail.com,901801336,9444614,17,235
146,JAMIE,RICE,JAMIE.RICE@gmail.com,300471287,4712943,46,34
147,JOANNE,ROBERTSON,JOANNE.ROBERTSON@gmail.com,235249998,8500150,49,304
148,ELEANOR,HUNT,ELEANOR.HUNT@gmail.com,49017820,7504928,42,185
149,VALERIE,BLACK,VALERIE.BLACK@gmail.com,75636621,7535993,22,74
150,DANIELLE,DANIELS,DANIELLE.DANIELS@gmail.com,827804371,8289357,9,6
151,MEGAN,PALMER,MEGAN.PALMER@gmail.com,1010423932,9865210,72,106
152,ALICIA,MILLS,ALICIA.MILLS@gmail.com,797862501,8718138,60,73
153,SUZANNE,NICHOLS,SUZANNE.NICHOLS@gmail.com,53984302,8350834,56,139
154,MICHELE,GRANT,MICHELE.GRANT@gmail.com,333429825,4391571,44,81
155,GAIL,KNIGHT,GAIL.KNIGHT@gmail.com,176856859,3368040,58,196
156,BERTHA,FERGUSON,BERTHA.FERGUSON@gmail.com,59091184,9873959,17,104
157,DARLENE,ROSE,DARLENE.ROSE@gmail.com,212081396,7317371,35,235
158,VERONICA,STONE,VERONICA.STONE@gmail.com,250731856,3653448,49,125
159,JILL,HAWKINS,JILL.HAWKINS@gmail.com,335108978,7416496,72,22
160,ERIN,DUNN,ERIN.DUNN@gmail.com,416995392,9591373,54,120
161,GERALDINE,PERKINS,GERALDINE.PERKINS@gmail.com,242377790,5757944,35,104
162,LAUREN,HUDSON,LAUREN.HUDSON@gmail.com,248219703,6146223,27,131
163,CATHY,SPENCER,CATHY.SPENCER@gmail.com,670574470,2359468,55,90
164,JOANN,GARDNER,JOANN.GARDNER@gmail.com,684297406,8488536,41,12
165,LORRAINE,STEPHENS,LORRAINE.STEPHENS@gmail.com,706949010,3684741,29,1
166,LYNN,PAYNE,LYNN.PAYNE@gmail.com,934805807,3086904,23,189
167,SALLY,PIERCE,SALLY.PIERCE@gmail.com,988172900,9209323,1,189
168,REGINA,BERRY,REGINA.BERRY@gmail.com,896731421,8567455,61,27
169,ERICA,MATTHEWS,ERICA.MATTHEWS@gmail.com,200186600,4069989,3,75
170,BEATRICE,ARNOLD,BEATRICE.ARNOLD@gmail.com,235578043,8870060,64,129
171,DOLORES,WAGNER,DOLORES.WAGNER@gmail.com,582500376,6912680,48,161
172,BERNICE,WILLIS,BERNICE.WILLIS@gmail.com,601580873,6051455,1,230
173,AUDREY,RAY,AUDREY.RAY@gmail.com,246930432,3647894,7,307
174,YVONNE,WATKINS,YVONNE.WATKINS@gmail.com,769480445,3893718,12,142
175,ANNETTE,OLSON,ANNETTE.OLSON@gmail.com,617810409,9773916,11,47
176,JUNE,CARROLL,JUNE.CARROLL@gmail.com,50285120,7895906,61,51
177,SAMANTHA,DUNCAN,SAMANTHA.DUNCAN@gmail.com,235862551,2354586,78,34
178,MARION,SNYDER,MARION.SNYDER@gmail.com,422159717,8892731,36,82
179,DANA,HART,DANA.HART@gmail.com,613722706,9686890,74,148
180,STACY,CUNNINGHAM,STACY.CUNNINGHAM@gmail.com,1026318483,7068470,87,143
181,ANA,BRADLEY,ANA.BRADLEY@gmail.com,668849605,3379804,11,57
182,RENEE,LANE,RENEE.LANE@gmail.com,912927885,8333619,65,235
183,IDA,ANDREWS,IDA.ANDREWS@gmail.com,989890085,3454648,50,44
184,VIVIAN,RUIZ,VIVIAN.RUIZ@gmail.com,736064632,9506732,63,12
185,ROBERTA,HARPER,ROBERTA.HARPER@gmail.com,337630716,9635270,65,235
186,HOLLY,FOX,HOLLY.FOX@gmail.com,139554837,9615548,27,235
187,BRITTANY,RILEY,BRITTANY.RILEY@gmail.com,226106073,5635988,83,136
188,MELANIE,ARMSTRONG,MELANIE.ARMSTRONG@gmail.com,76349796,8526710,62,74
189,LORETTA,CARPENTER,LORETTA.CARPENTER@gmail.com,437187669,8825811,72,235
190,YOLANDA,WEAVER,YOLANDA.WEAVER@gmail.com,1015927442,7488381,69,181
191,JEANETTE,GREENE,JEANETTE.GREENE@gmail.com,235460931,6407985,48,208
192,LAURIE,LAWRENCE,LAURIE.LAWRENCE@gmail.com,692833633,3931784,5,116
193,KATIE,ELLIOTT,KATIE.ELLIOTT@gmail.com,12643488,9400270,45,175
194,KRISTEN,CHAVEZ,KRISTEN.CHAVEZ@gmail.com,833930460,6571345,68,153
195,VANESSA,SIMS,VANESSA.SIMS@gmail.com,818580882,8269588,75,70
196,ALMA,AUSTIN,ALMA.AUSTIN@gmail.com,838076638,5437631,87,199
197,SUE,PETERS,SUE.PETERS@gmail.com,666321039,6651360,49,124
198,ELSIE,KELLEY,ELSIE.KELLEY@gmail.com,986420366,6876228,22,146
199,BETH,FRANKLIN,BETH.FRANKLIN@gmail.com,521679931,3508805,72,206
200,JEANNE,LAWSON,JEANNE.LAWSON@gmail.com,958595218,9157664,34,48
201,VICKI,FIELDS,VICKI.FIELDS@gmail.com,369176086,4506839,87,102
202,CARLA,GUTIERREZ,CARLA.GUTIERREZ@gmail.com,954387305,3224007,55,235
203,TARA,RYAN,TARA.RYAN@gmail.com,409330208,6107994,60,33
204,ROSEMARY,SCHMIDT,ROSEMARY.SCHMIDT@gmail.com,74284975,4591889,56,67
205,EILEEN,CARR,EILEEN.CARR@gmail.com,494954263,3262198,81,170
206,TERRI,VASQUEZ,TERRI.VASQUEZ@gmail.com,472486676,3684488,40,307
207,GERTRUDE,CASTILLO,GERTRUDE.CASTILLO@gmail.com,766264887,6502865,41,235
208,LUCY,WHEELER,LUCY.WHEELER@gmail.com,35024109,6066885,70,45
209,TONYA,CHAPMAN,TONYA.CHAPMAN@gmail.com,518434950,8998283,21,147
210,ELLA,OLIVER,ELLA.OLIVER@gmail.com,235170100,4174696,12,99
211,STACEY,MONTGOMERY,STACEY.MONTGOMERY@gmail.com,897159506,5552519,70,147
212,WILMA,RICHARDS,WILMA.RICHARDS@gmail.com,1028793936,9871692,64,109
213,GINA,WILLIAMSON,GINA.WILLIAMSON@gmail.com,818642597,8700018,42,90
214,KRISTIN,JOHNSTON,KRISTIN.JOHNSTON@gmail.com,342692044,7439021,78,11
215,JESSIE,BANKS,JESSIE.BANKS@gmail.com,600184276,4042930,84,299
216,NATALIE,MEYER,NATALIE.MEYER@gmail.com,383087780,3107941,62,126
217,AGNES,BISHOP,AGNES.BISHOP@gmail.com,770950706,2359874,29,21
218,VERA,MCCOY,VERA.MCCOY@gmail.com,141744846,6797275,52,38
219,WILLIE,HOWELL,WILLIE.HOWELL@gmail.com,223917187,4733342,40,18
220,CHARLENE,ALVAREZ,CHARLENE.ALVAREZ@gmail.com,560575562,6558114,4,106
221,BESSIE,MORRISON,BESSIE.MORRISON@gmail.com,540254179,4051703,15,109
222,DELORES,HANSEN,DELORES.HANSEN@gmail.com,627280657,8333448,17,201
223,MELINDA,FERNANDEZ,MELINDA.FERNANDEZ@gmail.com,642525784,6881935,5,162
224,PEARL,GARZA,PEARL.GARZA@gmail.com,833768258,4850413,3,161
225,ARLENE,HARVEY,ARLENE.HARVEY@gmail.com,879110246,5925723,87,50
226,MAUREEN,LITTLE,MAUREEN.LITTLE@gmail.com,978593163,5281921,55,68
227,COLLEEN,BURTON,COLLEEN.BURTON@gmail.com,718145309,3003004,54,80
228,ALLISON,STANLEY,ALLISON.STANLEY@gmail.com,904803858,6023920,36,235
229,TAMARA,NGUYEN,TAMARA.NGUYEN@gmail.com,133868894,9951509,43,118
230,JOY,GEORGE,JOY.GEORGE@gmail.com,943031770,9219217,66,214
231,GEORGIA,JACOBS,GEORGIA.JACOBS@gmail.com,680514859,8561329,59,14
232,CONSTANCE,REID,CONSTANCE.REID@gmail.com,151061357,5905177,68,23
233,LILLIE,KIM,LILLIE.KIM@gmail.com,834033864,4293975,58,186
234,CLAUDIA,FULLER,CLAUDIA.FULLER@gmail.com,822698828,5487907,70,235
235,JACKIE,LYNCH,JACKIE.LYNCH@gmail.com,755814277,4271382,14,131
236,MARCIA,DEAN,MARCIA.DEAN@gmail.com,441847788,8178196,19,18
237,TANYA,GILBERT,TANYA.GILBERT@gmail.com,318113852,7015891,25,175
238,NELLIE,GARRETT,NELLIE.GARRETT@gmail.com,806083005,6094960,42,299
239,MINNIE,ROMERO,MINNIE.ROMERO@gmail.com,219417968,5117074,37,299
240,MARLENE,WELCH,MARLENE.WELCH@gmail.com,784589336,6730157,1,189
241,HEIDI,LARSON,HEIDI.LARSON@gmail.com,1013141988,9382043,82,305
242,GLENDA,FRAZIER,GLENDA.FRAZIER@gmail.com,815213685,8958313,12,235
243,LYDIA,BURKE,LYDIA.BURKE@gmail.com,176464920,3900595,51,146
244,VIOLA,HANSON,VIOLA.HANSON@gmail.com,752772799,7398964,83,235
245,COURTNEY,DAY,COURTNEY.DAY@gmail.com,29740738,8390804,72,235
246,MARIAN,MENDOZA,MARIAN.MENDOZA@gmail.com,689070472,8470793,8,36
247,STELLA,MORENO,STELLA.MORENO@gmail.com,579135228,5783663,41,168
248,CAROLINE,BOWMAN,CAROLINE.BOWMAN@gmail.com,403897207,3766878,74,142
249,DORA,MEDINA,DORA.MEDINA@gmail.com,490672156,3054873,86,166
250,JO,FOWLER,JO.FOWLER@gmail.com,51506482,6968355,34,179
251,VICKIE,BREWER,VICKIE.BREWER@gmail.com,930272677,4456000,68,11
252,MATTIE,HOFFMAN,MATTIE.HOFFMAN@gmail.com,377650988,3154432,66,235
253,TERRY,CARLSON,TERRY.CARLSON@gmail.com,310532805,5119749,11,155
254,MAXINE,SILVA,MAXINE.SILVA@gmail.com,1017431342,9044628,30,128
255,IRMA,PEARSON,IRMA.PEARSON@gmail.com,1008652204,3102644,67,68
256,MABEL,HOLLAND,MABEL.HOLLAND@gmail.com,120646842,9812419,35,20
257,MARSHA,DOUGLAS,MARSHA.DOUGLAS@gmail.com,217918770,9877337,56,217
258,MYRTLE,FLEMING,MYRTLE.FLEMING@gmail.com,879726369,5268857,44,73
259,LENA,JENSEN,LENA.JENSEN@gmail.com,900250582,5194478,49,44
260,CHRISTY,VARGAS,CHRISTY.VARGAS@gmail.com,745371760,5594094,61,91
261,DEANNA,BYRD,DEANNA.BYRD@gmail.com,550755939,6322694,89,44
262,PATSY,DAVIDSON,PATSY.DAVIDSON@gmail.com,652269461,5875107,43,235
263,HILDA,HOPKINS,HILDA.HOPKINS@gmail.com,102796550,8172690,1,57
264,GWENDOLYN,MAY,GWENDOLYN.MAY@gmail.com,140580496,4917290,10,183
265,JENNIE,TERRY,JENNIE.TERRY@gmail.com,853053505,5699552,44,120
266,NORA,HERRERA,NORA.HERRERA@gmail.com,414462042,2357344,65,96
267,MARGIE,WADE,MARGIE.WADE@gmail.com,910826600,9597053,82,235
268,NINA,SOTO,NINA.SOTO@gmail.com,472522892,9480275,19,87
269,CASSANDRA,WALTERS,CASSANDRA.WALTERS@gmail.com,1001772549,6034801,5,235
270,LEAH,CURTIS,LEAH.CURTIS@gmail.com,509011305,3569364,73,40
271,PENNY,NEAL,PENNY.NEAL@gmail.com,477700856,2352450,8,201
272,KAY,CALDWELL,KAY.CALDWELL@gmail.com,798882905,6199947,34,14
273,PRISCILLA,LOWE,PRISCILLA.LOWE@gmail.com,595691452,3093788,23,204
274,NAOMI,JENNINGS,NAOMI.JENNINGS@gmail.com,657132155,5485540,74,115
275,CAROLE,BARNETT,CAROLE.BARNETT@gmail.com,824473191,5189863,86,109
276,BRANDY,GRAVES,BRANDY.GRAVES@gmail.com,235874653,4193253,17,33
277,OLGA,JIMENEZ,OLGA.JIMENEZ@gmail.com,5208332,5637509,31,67
278,BILLIE,HORTON,BILLIE.HORTON@gmail.com,93472652,6267519,39,235
279,DIANNE,SHELTON,DIANNE.SHELTON@gmail.com,651715387,4945165,7,12
280,TRACEY,BARRETT,TRACEY.BARRETT@gmail.com,155792839,4853730,86,235
281,LEONA,OBRIEN,LEONA.OBRIEN@gmail.com,374952538,2995317,15,106
282,JENNY,CASTRO,JENNY.CASTRO@gmail.com,227069195,8477486,74,149
283,FELICIA,SUTTON,FELICIA.SUTTON@gmail.com,223404933,9817910,21,235
284,SONIA,GREGORY,SONIA.GREGORY@gmail.com,149285573,8932684,60,229
285,MIRIAM,MCKINNEY,MIRIAM.MCKINNEY@gmail.com,555581242,5525145,2,97
286,VELMA,LUCAS,VELMA.LUCAS@gmail.com,43012343,3348725,86,107
287,BECKY,MILES,BECKY.MILES@gmail.com,598673517,9319598,36,127
288,BOBBIE,CRAIG,BOBBIE.CRAIG@gmail.com,113853650,6018334,33,157
289,VIOLET,RODRIQUEZ,VIOLET.RODRIQUEZ@gmail.com,274370491,4932754,55,235
290,KRISTINA,CHAMBERS,KRISTINA.CHAMBERS@gmail.com,1023270612,7994776,62,24
291,TONI,HOLT,TONI.HOLT@gmail.com,812895457,8536321,41,172
292,MISTY,LAMBERT,MISTY.LAMBERT@gmail.com,657912660,3231270,50,44
293,MAE,FLETCHER,MAE.FLETCHER@gmail.com,175849969,8591749,57,221
294,SHELLY,WATTS,SHELLY.WATTS@gmail.com,305513889,3632022,37,205
295,DAISY,BATES,DAISY.BATES@gmail.com,916947396,6162194,53,47
296,RAMONA,HALE,RAMONA.HALE@gmail.com,345690514,7147301,43,123
297,SHERRI,RHODES,SHERRI.RHODES@gmail.com,674448510,3358027,25,30
298,ERIKA,PENA,ERIKA.PENA@gmail.com,824570407,7434025,57,22
299,JAMES,GANNON,JAMES.GANNON@gmail.com,332950212,9128981,51,235
300,JOHN,FARNSWORTH,JOHN.FARNSWORTH@outlook.com,24267094,2784377,61,56
301,ROBERT,BAUGHMAN,ROBERT.BAUGHMAN@outlook.com,417994780,9673369,47,15
302,MICHAEL,SILVERMAN,MICHAEL.SILVERMAN@outlook.com,753002148,8956393,7,235
303,WILLIAM,SATTERFIELD,WILLIAM.SATTERFIELD@outlook.com,835755491,4254546,2,197
304,DAVID,ROYAL,DAVID.ROYAL@outlook.com,816815817,5722407,73,222
305,RICHARD,MCCRARY,RICHARD.MCCRARY@outlook.com,412592998,3233508,7,160
306,CHARLES,KOWALSKI,CHARLES.KOWALSKI@outlook.com,365426348,9639512,79,91
307,JOSEPH,JOY,JOSEPH.JOY@outlook.com,60231933,4727007,56,235
308,THOMAS,GRIGSBY,THOMAS.GRIGSBY@outlook.com,303965190,3557210,1,151
309,CHRISTOPHER,GRECO,CHRISTOPHER.GRECO@gmail.com,31145591,5357865,66,131
310,DANIEL,CABRAL,DANIEL.CABRAL@gmail.com,981731466,6216315,26,60
311,PAUL,TROUT,PAUL.TROUT@gmail.com,590235493,4160784,15,84
312,MARK,RINEHART,MARK.RINEHART@gmail.com,408111282,6395004,64,156
313,DONALD,MAHON,DONALD.MAHON@gmail.com,642693891,4461568,61,178
314,GEORGE,LINTON,GEORGE.LINTON@gmail.com,798579093,8951771,64,145
315,KENNETH,GOODEN,KENNETH.GOODEN@gmail.com,960763246,7424256,44,235
316,STEVEN,CURLEY,STEVEN.CURLEY@gmail.com,928203565,5112395,17,65
317,EDWARD,BAUGH,EDWARD.BAUGH@gmail.com,906944389,7869904,27,235
318,BRIAN,WYMAN,BRIAN.WYMAN@gmail.com,521181053,4082781,46,24
319,RONALD,WEINER,RONALD.WEINER@gmail.com,1035176238,8582812,68,232
320,ANTHONY,SCHWAB,ANTHONY.SCHWAB@gmail.com,60548940,5133999,60,150
321,KEVIN,SCHULER,KEVIN.SCHULER@gmail.com,474915244,8949611,39,202
322,JASON,MORRISSEY,JASON.MORRISSEY@gmail.com,35032221,8198401,9,4
323,MATTHEW,MAHAN,MATTHEW.MAHAN@gmail.com,330442272,9411509,18,2
324,GARY,COY,GARY.COY@outlook.com,818161570,8469602,62,157
325,TIMOTHY,BUNN,TIMOTHY.BUNN@outlook.com,768680523,5656453,51,23
326,JOSE,ANDREW,JOSE.ANDREW@outlook.com,985416069,8679481,62,235
327,LARRY,THRASHER,LARRY.THRASHER@outlook.com,515987378,3559195,67,235
328,JEFFREY,SPEAR,JEFFREY.SPEAR@outlook.com,40985878,9732149,65,89
329,FRANK,WAGGONER,FRANK.WAGGONER@outlook.com,422298429,3255239,74,189
330,SCOTT,SHELLEY,SCOTT.SHELLEY@outlook.com,709983749,4654712,26,202
331,ERIC,ROBERT,ERIC.ROBERT@outlook.com,810221997,4311425,9,66
332,STEPHEN,QUALLS,STEPHEN.QUALLS@outlook.com,25088835,3736084,9,75
333,ANDREW,PURDY,ANDREW.PURDY@outlook.com,86137897,9966186,73,128
334,RAYMOND,MCWHORTER,RAYMOND.MCWHORTER@outlook.com,57681563,9377407,35,307
335,GREGORY,MAULDIN,GREGORY.MAULDIN@outlook.com,206726697,6841604,13,159
336,JOSHUA,MARK,JOSHUA.MARK@outlook.com,230424081,7869179,11,167
337,JERRY,JORDON,JERRY.JORDON@outlook.com,633029124,6671585,54,186
338,DENNIS,GILMAN,DENNIS.GILMAN@outlook.com,930629564,3948256,84,129
339,WALTER,PERRYMAN,WALTER.PERRYMAN@outlook.com,195110313,6130637,72,158
340,PATRICK,NEWSOM,PATRICK.NEWSOM@outlook.com,715527757,5305967,30,69
341,PETER,MENARD,PETER.MENARD@outlook.com,163997744,4228246,88,10
342,HAROLD,MARTINO,HAROLD.MARTINO@gmail.com,322664444,3016996,87,235
343,DOUGLAS,GRAF,DOUGLAS.GRAF@gmail.com,89943956,9825160,22,124
344,HENRY,BILLINGSLEY,HENRY.BILLINGSLEY@gmail.com,1112171,8280415,23,219
345,CARL,ARTIS,CARL.ARTIS@gmail.com,240435290,6844481,75,12
346,ARTHUR,SIMPKINS,ARTHUR.SIMPKINS@gmail.com,999521145,3024264,16,235
347,RYAN,SALISBURY,RYAN.SALISBURY@gmail.com,68238642,7371871,86,193
348,ROGER,QUINTANILLA,ROGER.QUINTANILLA@gmail.com,426244934,5201360,28,235
349,JOE,GILLILAND,JOE.GILLILAND@gmail.com,410387885,9097875,29,193
350,JUAN,FRALEY,JUAN.FRALEY@gmail.com,765918621,5866181,74,106
351,JACK,FOUST,JACK.FOUST@gmail.com,194327416,8813651,89,303
352,ALBERT,CROUSE,ALBERT.CROUSE@gmail.com,688236629,2351488,87,235
353,JONATHAN,SCARBOROUGH,JONATHAN.SCARBOROUGH@gmail.com,707245973,3360661,27,209
354,JUSTIN,NGO,JUSTIN.NGO@gmail.com,966104474,5672718,51,48
355,TERRY,GRISSOM,TERRY.GRISSOM@gmail.com,314381417,3965298,47,235
356,GERALD,FULTZ,GERALD.FULTZ@gmail.com,917865463,2351976,55,57
357,KEITH,RICO,KEITH.RICO@outlook.com,248163037,4533509,3,85
358,SAMUEL,MARLOW,SAMUEL.MARLOW@outlook.com,830155475,8810757,67,235
359,WILLIE,MARKHAM,WILLIE.MARKHAM@outlook.com,703054449,2352715,7,42
360,RALPH,MADRIGAL,RALPH.MADRIGAL@outlook.com,606581834,3543719,41,60
361,LAWRENCE,LAWTON,LAWRENCE.LAWTON@outlook.com,517046693,5780419,58,135
362,NICHOLAS,BARFIELD,NICHOLAS.BARFIELD@outlook.com,501137914,8098811,70,92
363,ROY,WHITING,ROY.WHITING@outlook.com,987657032,9145512,53,165
364,BENJAMIN,VARNEY,BENJAMIN.VARNEY@outlook.com,369689353,7086151,10,156
365,BRUCE,SCHWARZ,BRUCE.SCHWARZ@outlook.com,253358741,9046152,17,120
366,BRANDON,HUEY,BRANDON.HUEY@gmail.com,944792013,5318588,75,15
367,ADAM,GOOCH,ADAM.GOOCH@gmail.com,607704655,2357707,74,235
368,HARRY,ARCE,HARRY.ARCE@gmail.com,572633084,7354176,52,191
369,FRED,WHEAT,FRED.WHEAT@gmail.com,387692234,5210537,63,118
370,WAYNE,TRUONG,WAYNE.TRUONG@gmail.com,235980411,8832630,10,235
371,BILLY,POULIN,BILLY.POULIN@gmail.com,908443541,5167292,32,143
372,STEVE,MACKENZIE,STEVE.MACKENZIE@gmail.com,374463002,4686253,17,82
373,LOUIS,LEONE,LOUIS.LEONE@gmail.com,659244731,7385598,52,220
374,JEREMY,HURTADO,JEREMY.HURTADO@gmail.com,863351438,7873949,16,144
375,AARON,SELBY,AARON.SELBY@gmail.com,867652769,9511213,85,197
376,RANDY,GAITHER,RANDY.GAITHER@gmail.com,91123991,9191631,42,38
377,HOWARD,FORTNER,HOWARD.FORTNER@gmail.com,594128047,6435655,57,38
378,EUGENE,CULPEPPER,EUGENE.CULPEPPER@gmail.com,526071308,9505910,4,90
379,CARLOS,COUGHLIN,CARLOS.COUGHLIN@gmail.com,235441909,4607649,13,223
380,RUSSELL,BRINSON,RUSSELL.BRINSON@gmail.com,718860576,7887729,4,224
381,BOBBY,BOUDREAU,BOBBY.BOUDREAU@gmail.com,24232705,7019223,22,48
382,VICTOR,BARKLEY,VICTOR.BARKLEY@gmail.com,355049989,6075904,82,178
383,MARTIN,BALES,MARTIN.BALES@gmail.com,330063497,3596154,25,82
384,ERNEST,STEPP,ERNEST.STEPP@gmail.com,10816318,7555729,5,174
385,PHILLIP,HOLM,PHILLIP.HOLM@gmail.com,391315362,8842793,85,119
386,TODD,TAN,TODD.TAN@gmail.com,890749255,8214535,36,201
387,JESSE,SCHILLING,JESSE.SCHILLING@gmail.com,117713721,3774467,48,212
388,CRAIG,MORRELL,CRAIG.MORRELL@gmail.com,306988715,6523901,58,17
389,ALAN,KAHN,ALAN.KAHN@gmail.com,348258047,3469926,39,129
390,SHAWN,HEATON,SHAWN.HEATON@gmail.com,361291299,5266927,51,44
391,CLARENCE,GAMEZ,CLARENCE.GAMEZ@gmail.com,445251080,4794751,6,14
392,SEAN,DOUGLASS,SEAN.DOUGLASS@gmail.com,392208448,6282832,60,169
393,PHILIP,CAUSEY,PHILIP.CAUSEY@gmail.com,818247896,8115809,16,71
394,CHRIS,BROTHERS,CHRIS.BROTHERS@gmail.com,337897754,7677735,62,21
395,JOHNNY,TURPIN,JOHNNY.TURPIN@gmail.com,515816407,5636238,75,203
396,EARL,SHANKS,EARL.SHANKS@gmail.com,384730600,3756417,90,80
397,JIMMY,SCHRADER,JIMMY.SCHRADER@gmail.com,751023390,4614224,2,29
398,ANTONIO,MEEK,ANTONIO.MEEK@gmail.com,244495196,6941361,47,53
399,DANNY,ISOM,DANNY.ISOM@gmail.com,378642190,4278664,64,71
400,BRYAN,HARDISON,BRYAN.HARDISON@gmail.com,529907876,7551864,34,198
401,TONY,CARRANZA,TONY.CARRANZA@gmail.com,796903309,3995733,75,109
402,LUIS,YANEZ,LUIS.YANEZ@gmail.com,511722693,9742308,60,109
403,MIKE,WAY,MIKE.WAY@gmail.com,34167211,9485246,71,79
404,STANLEY,SCROGGINS,STANLEY.SCROGGINS@gmail.com,305310840,3143871,20,201
405,LEONARD,SCHOFIELD,LEONARD.SCHOFIELD@gmail.com,253787503,7424227,29,124
406,NATHAN,RUNYON,NATHAN.RUNYON@gmail.com,68009492,7439710,83,235
407,DALE,RATCLIFF,DALE.RATCLIFF@outlook.com,161968362,4630995,83,78
408,MANUEL,MURRELL,MANUEL.MURRELL@outlook.com,614818640,4618933,84,75
409,RODNEY,MOELLER,RODNEY.MOELLER@outlook.com,314655626,7957077,25,13
410,CURTIS,IRBY,CURTIS.IRBY@outlook.com,70697436,9573401,34,74
411,NORMAN,CURRIER,NORMAN.CURRIER@gmail.com,866314331,8911299,80,65
412,ALLEN,BUTTERFIELD,ALLEN.BUTTERFIELD@gmail.com,992310046,3436677,18,191
413,MARVIN,YEE,MARVIN.YEE@gmail.com,827150086,3189466,56,55
414,VINCENT,RALSTON,VINCENT.RALSTON@gmail.com,518268066,8522704,49,300
415,GLENN,PULLEN,GLENN.PULLEN@gmail.com,949900494,9841174,71,235
416,JEFFERY,PINSON,JEFFERY.PINSON@gmail.com,888972348,3226773,70,182
417,TRAVIS,ESTEP,TRAVIS.ESTEP@gmail.com,933389699,5086677,21,60
418,JEFF,EAST,JEFF.EAST@gmail.com,581071892,3234275,4,235
419,CHAD,CARBONE,CHAD.CARBONE@gmail.com,42356997,7374177,21,59
420,JACOB,LANCE,JACOB.LANCE@gmail.com,585803918,8114084,2,158
421,LEE,HAWKS,LEE.HAWKS@gmail.com,23536276,5336495,52,235
422,MELVIN,ELLINGTON,MELVIN.ELLINGTON@gmail.com,611542658,8118036,47,235
423,ALFRED,CASILLAS,ALFRED.CASILLAS@gmail.com,930218365,3016924,18,101
424,KYLE,SPURLOCK,KYLE.SPURLOCK@gmail.com,907641153,8242101,81,235
425,FRANCIS,SIKES,FRANCIS.SIKES@gmail.com,178396527,3129643,84,193
426,BRADLEY,MOTLEY,BRADLEY.MOTLEY@gmail.com,839245065,8719387,0,54
427,JESUS,MCCARTNEY,JESUS.MCCARTNEY@gmail.com,63960385,4334688,83,138
428,HERBERT,KRUGER,HERBERT.KRUGER@gmail.com,78398475,8475344,82,46
429,FREDERICK,ISBELL,FREDERICK.ISBELL@gmail.com,969393547,7308619,20,160
430,RAY,HOULE,RAY.HOULE@gmail.com,730098078,3967310,17,235
431,JOEL,FRANCISCO,JOEL.FRANCISCO@gmail.com,235157910,3160709,67,230
432,EDWIN,BURK,EDWIN.BURK@gmail.com,431856025,6897236,7,191
433,DON,BONE,DON.BONE@gmail.com,986688055,2359519,78,39
434,EDDIE,TOMLIN,EDDIE.TOMLIN@gmail.com,658234678,5647258,30,197
435,RICKY,SHELBY,RICKY.SHELBY@gmail.com,772004385,8891352,65,235
436,TROY,QUIGLEY,TROY.QUIGLEY@gmail.com,344253818,7657247,12,235
437,RANDALL,NEUMANN,RANDALL.NEUMANN@gmail.com,246495544,9397765,30,304
438,BARRY,LOVELACE,BARRY.LOVELACE@gmail.com,519358173,8528095,80,25
439,ALEXANDER,FENNELL,ALEXANDER.FENNELL@gmail.com,176959520,7404299,66,45
440,BERNARD,COLBY,BERNARD.COLBY@gmail.com,335741210,8851813,49,203
441,MARIO,CHEATHAM,MARIO.CHEATHAM@gmail.com,342577551,3120698,80,235
442,LEROY,BUSTAMANTE,LEROY.BUSTAMANTE@gmail.com,623925991,4765882,72,235
443,FRANCISCO,SKIDMORE,FRANCISCO.SKIDMORE@gmail.com,999222328,4740292,78,159
444,MARCUS,HIDALGO,MARCUS.HIDALGO@gmail.com,954193788,7722886,37,219
445,MICHEAL,FORMAN,MICHEAL.FORMAN@gmail.com,244561078,3137248,72,307
446,THEODORE,CULP,THEODORE.CULP@gmail.com,158300090,3001826,78,168
447,CLIFFORD,BOWENS,CLIFFORD.BOWENS@gmail.com,424299554,5611589,27,193
448,MIGUEL,BETANCOURT,MIGUEL.BETANCOURT@gmail.com,69882633,5530603,23,28
449,OSCAR,AQUINO,OSCAR.AQUINO@gmail.com,563947246,8182756,41,74
450,JAY,ROBB,JAY.ROBB@gmail.com,885310981,3089852,21,74
451,JIM,REA,JIM.REA@outlook.com,495698233,8695880,55,193
452,TOM,MILNER,TOM.MILNER@outlook.com,738593031,2353162,27,72
453,CALVIN,MARTEL,CALVIN.MARTEL@outlook.com,909972050,7982074,78,209
454,ALEX,GRESHAM,ALEX.GRESHAM@outlook.com,75881911,7408681,82,8
455,JON,WILES,JON.WILES@outlook.com,235186392,5491122,39,235
456,RONNIE,RICKETTS,RONNIE.RICKETTS@outlook.com,445552770,5805013,30,236
457,BILL,GAVIN,BILL.GAVIN@outlook.com,462920931,7643699,45,22
458,LLOYD,DOWD,LLOYD.DOWD@outlook.com,806074838,3041810,87,59
459,TOMMY,COLLAZO,TOMMY.COLLAZO@outlook.com,438583669,8742904,37,235
460,LEON,BOSTIC,LEON.BOSTIC@gmail.com,858772086,6922837,71,165
461,DEREK,BLAKELY,DEREK.BLAKELY@gmail.com,885610719,9513209,68,66
462,WARREN,SHERROD,WARREN.SHERROD@gmail.com,538854443,6393013,69,6
463,DARRELL,POWER,DARRELL.POWER@gmail.com,418051062,8834349,16,208
464,JEROME,KENYON,JEROME.KENYON@gmail.com,947155494,5635349,61,29
465,FLOYD,GANDY,FLOYD.GANDY@outlook.com,191294709,8784969,58,236
466,LEO,EBERT,LEO.EBERT@outlook.com,898334347,8052827,28,235
467,ALVIN,DELOACH,ALVIN.DELOACH@outlook.com,351775200,4553308,28,28
468,TIM,CARY,TIM.CARY@outlook.com,124739146,3459195,16,124
469,WESLEY,BULL,WESLEY.BULL@gmail.com,977019678,4000832,78,233
470,GORDON,ALLARD,GORDON.ALLARD@gmail.com,936045915,4668370,35,235
471,DEAN,SAUER,DEAN.SAUER@gmail.com,158187766,2359122,37,80
472,GREG,ROBINS,GREG.ROBINS@gmail.com,235796325,8429966,23,302
473,JORGE,OLIVARES,JORGE.OLIVARES@gmail.com,683209527,5075796,37,109
474,DUSTIN,GILLETTE,DUSTIN.GILLETTE@gmail.com,433311947,8496657,81,66
475,PEDRO,CHESTNUT,PEDRO.CHESTNUT@gmail.com,340964036,8838973,62,225
476,DERRICK,BOURQUE,DERRICK.BOURQUE@gmail.com,831769703,6831520,39,104
477,DAN,PAINE,DAN.PAINE@gmail.com,150195523,8990417,82,22
478,LEWIS,LYMAN,LEWIS.LYMAN@gmail.com,584962492,6062591,16,235
479,ZACHARY,HITE,ZACHARY.HITE@gmail.com,778602649,6323196,52,232
480,COREY,HAUSER,COREY.HAUSER@gmail.com,573022559,2354219,61,235
481,HERMAN,DEVORE,HERMAN.DEVORE@outlook.com,551710418,3392429,43,174
482,MAURICE,CRAWLEY,MAURICE.CRAWLEY@outlook.com,919229569,6470252,10,235
483,VERNON,CHAPA,VERNON.CHAPA@outlook.com,634124849,3023460,87,123
484,ROBERTO,VU,ROBERTO.VU@outlook.com,75107182,8358092,5,24
485,CLYDE,TOBIAS,CLYDE.TOBIAS@gmail.com,153408225,9707463,71,235
486,GLEN,TALBERT,GLEN.TALBERT@gmail.com,342698360,6868631,31,70
487,HECTOR,POINDEXTER,HECTOR.POINDEXTER@gmail.com,712194737,6335502,48,92
488,SHANE,MILLARD,SHANE.MILLARD@gmail.com,454412845,9006383,72,80
489,RICARDO,MEADOR,RICARDO.MEADOR@gmail.com,338587981,8291355,79,44
490,SAM,MCDUFFIE,SAM.MCDUFFIE@gmail.com,700601720,7757012,85,184
491,RICK,MATTOX,RICK.MATTOX@gmail.com,572427671,3741909,20,41
492,LESTER,KRAUS,LESTER.KRAUS@gmail.com,801527002,4168077,87,139
493,BRENT,HARKINS,BRENT.HARKINS@gmail.com,380393919,5721384,16,184
494,RAMON,CHOATE,RAMON.CHOATE@gmail.com,194888959,5019811,65,47
495,CHARLIE,BESS,CHARLIE.BESS@gmail.com,873375318,8234641,81,235
496,TYLER,WREN,TYLER.WREN@gmail.com,663232880,8221882,36,7
497,GILBERT,SLEDGE,GILBERT.SLEDGE@gmail.com,815959691,3763320,13,22
498,GENE,SANBORN,GENE.SANBORN@gmail.com,90493209,6877410,83,40
499,MARC,OUTLAW,MARC.OUTLAW@gmail.com,556038474,3466183,44,25
500,REGINALD,KINDER,REGINALD.KINDER@gmail.com,531421139,3293294,64,235
501,RUBEN,GEARY,RUBEN.GEARY@gmail.com,592332159,6533143,47,62
502,BRETT,CORNWELL,BRETT.CORNWELL@gmail.com,164852020,3609751,31,114
503,ANGEL,BARCLAY,ANGEL.BARCLAY@gmail.com,552745588,3236859,2,235
504,NATHANIEL,ADAM,NATHANIEL.ADAM@gmail.com,971927621,8265568,50,68
505,RAFAEL,ABNEY,RAFAEL.ABNEY@gmail.com,188406381,2975238,20,235
506,LESLIE,SEWARD,LESLIE.SEWARD@gmail.com,50299116,3040500,74,218
507,EDGAR,RHOADS,EDGAR.RHOADS@gmail.com,1024753817,6847026,30,54
508,MILTON,HOWLAND,MILTON.HOWLAND@gmail.com,391182462,7251000,56,122
509,RAUL,FORTIER,RAUL.FORTIER@gmail.com,842152855,3703668,61,146
510,BEN,EASTER,BEN.EASTER@gmail.com,773816822,7681963,22,63
511,CHESTER,BENNER,CHESTER.BENNER@gmail.com,963999990,5216729,26,26
512,CECIL,VINES,CECIL.VINES@gmail.com,894677274,3328058,28,225
513,DUANE,TUBBS,DUANE.TUBBS@gmail.com,208302314,5781698,84,14
514,FRANKLIN,TROUTMAN,FRANKLIN.TROUTMAN@gmail.com,885063175,3568195,35,29
515,ANDRE,RAPP,ANDRE.RAPP@gmail.com,91139404,7663385,8,37
516,ELMER,NOE,ELMER.NOE@gmail.com,59053744,8170217,39,108
517,BRAD,MCCURDY,BRAD.MCCURDY@gmail.com,235893420,8285255,31,56
518,GABRIEL,HARDER,GABRIEL.HARDER@gmail.com,742408223,8858502,11,235
519,RON,DELUCA,RON.DELUCA@gmail.com,41467995,3201586,0,9
520,MITCHELL,WESTMORELAND,MITCHELL.WESTMORELAND@gmail.com,594520272,7970570,48,235
521,ROLAND,SOUTH,ROLAND.SOUTH@gmail.com,48307282,5462885,26,67
522,ARNOLD,HAVENS,ARNOLD.HAVENS@gmail.com,936952814,6781905,15,89
523,HARVEY,GUAJARDO,HARVEY.GUAJARDO@gmail.com,518481322,9303247,46,173
524,JARED,ELY,JARED.ELY@gmail.com,235102011,5899124,68,23
525,ADRIAN,CLARY,ADRIAN.CLARY@outlook.com,671225973,5382900,50,305
526,KARL,SEAL,KARL.SEAL@outlook.com,222048760,6250369,49,105
527,CORY,MEEHAN,CORY.MEEHAN@outlook.com,840215109,7378421,50,235
528,CLAUDE,HERZOG,CLAUDE.HERZOG@outlook.com,866410937,4750446,1,307
529,ERIK,GUILLEN,ERIK.GUILLEN@outlook.com,235307662,2350358,55,235
530,DARRYL,ASHCRAFT,DARRYL.ASHCRAFT@outlook.com,896916939,6019688,82,210
531,JAMIE,WAUGH,JAMIE.WAUGH@outlook.com,949867120,8261886,33,95
532,NEIL,RENNER,NEIL.RENNER@outlook.com,253901682,4804513,13,19
533,JESSIE,MILAM,JESSIE.MILAM@outlook.com,740019112,7237063,11,174
534,CHRISTIAN,JUNG,CHRISTIAN.JUNG@gmail.com,737657761,4969335,77,89
535,JAVIER,ELROD,JAVIER.ELROD@gmail.com,70433985,8382389,88,166
536,FERNANDO,CHURCHILL,FERNANDO.CHURCHILL@gmail.com,764696429,8809869,29,108
537,CLINTON,BUFORD,CLINTON.BUFORD@mail.com,776504309,4540402,6,135
538,TED,BREAUX,TED.BREAUX@mail.com,235091359,8472549,58,304
539,MATHEW,BOLIN,MATHEW.BOLIN@mail.com,655380136,8720995,2,85
540,TYRONE,ASHER,TYRONE.ASHER@mail.com,856719621,8898991,39,106
541,DARREN,WINDHAM,DARREN.WINDHAM@mail.com,837918057,4349424,82,34
542,LONNIE,TIRADO,LONNIE.TIRADO@mail.com,142714467,2356987,47,235
543,LANCE,PEMBERTON,LANCE.PEMBERTON@mail.com,881656960,5889560,44,235
544,CODY,NOLEN,CODY.NOLEN@mail.com,115057794,3478671,53,210
545,JULIO,NOLAND,JULIO.NOLAND@mail.com,421867298,4089663,56,69
546,KELLY,KNOTT,KELLY.KNOTT@gmail.com,438121251,6930568,88,142
547,KURT,EMMONS,KURT.EMMONS@gmail.com,163497783,8623280,89,90
548,ALLAN,CORNISH,ALLAN.CORNISH@yahoo.com,683116694,9907714,51,155
549,NELSON,CHRISTENSON,NELSON.CHRISTENSON@yahoo.com,641875706,9706242,78,193
550,GUY,BROWNLEE,GUY.BROWNLEE@yahoo.com,360704277,3365175,11,180
551,CLAYTON,BARBEE,CLAYTON.BARBEE@outlook.com,757915666,9850632,45,193
552,HUGH,WALDROP,HUGH.WALDROP@outlook.com,135171695,5137630,58,209
553,MAX,PITT,MAX.PITT@outlook.com,705137015,8855246,59,192
554,DWAYNE,OLVERA,DWAYNE.OLVERA@outlook.com,743207215,9476227,40,235
555,DWIGHT,LOMBARDI,DWIGHT.LOMBARDI@yahoo.com,555790078,5648685,5,213
556,ARMANDO,GRUBER,ARMANDO.GRUBER@yahoo.com,828444146,4864343,37,58
557,FELIX,GAFFNEY,FELIX.GAFFNEY@yahoo.com,831407967,8966959,22,235
558,JIMMIE,EGGLESTON,JIMMIE.EGGLESTON@yahoo.com,208837526,7247180,14,178
559,EVERETT,BANDA,EVERETT.BANDA@yahoo.com,341690900,9004335,9,36
560,JORDAN,ARCHULETA,JORDAN.ARCHULETA@gmail.com,384879945,9616565,30,235
561,IAN,STILL,IAN.STILL@gmail.com,681277464,6961147,4,166
562,WALLACE,SLONE,WALLACE.SLONE@gmail.com,544410400,8336004,73,235
563,KEN,PREWITT,KEN.PREWITT@gmail.com,591268813,6148794,59,195
564,BOB,PFEIFFER,BOB.PFEIFFER@gmail.com,119089118,4563732,35,73
565,JAIME,NETTLES,JAIME.NETTLES@gmail.com,531038248,8951098,18,220
566,CASEY,MENA,CASEY.MENA@gmail.com,501307656,8219220,3,35
567,ALFREDO,MCADAMS,ALFREDO.MCADAMS@outlook.com,762448847,7826494,49,175
568,ALBERTO,HENNING,ALBERTO.HENNING@outlook.com,208860669,8605644,79,109
569,DAVE,GARDINER,DAVE.GARDINER@outlook.com,823836550,3668685,11,171
570,IVAN,CROMWELL,IVAN.CROMWELL@outlook.com,582592446,5573263,64,87
571,JOHNNIE,CHISHOLM,JOHNNIE.CHISHOLM@outlook.com,534317953,9897973,86,225
572,SIDNEY,BURLESON,SIDNEY.BURLESON@outlook.com,74941065,9448432,88,202
573,BYRON,BOX,BYRON.BOX@outlook.com,509522218,4491176,28,222
574,JULIAN,VEST,JULIAN.VEST@outlook.com,238260396,5648085,46,11
575,ISAAC,OGLESBY,ISAAC.OGLESBY@outlook.com,15943231,8365002,57,35
576,MORRIS,MCCARTER,MORRIS.MCCARTER@gmail.com,1019982699,9555844,72,207
577,CLIFTON,MALCOLM,CLIFTON.MALCOLM@gmail.com,95033827,8714657,85,14
578,WILLARD,LUMPKIN,WILLARD.LUMPKIN@gmail.com,816858015,5598294,74,235
579,DARYL,LARUE,DARYL.LARUE@gmail.com,190110600,3307192,13,145
580,ROSS,GREY,ROSS.GREY@gmail.com,306028024,6920124,28,235
581,VIRGIL,WOFFORD,VIRGIL.WOFFORD@gmail.com,743437327,9438157,73,177
582,ANDY,VANHORN,ANDY.VANHORN@gmail.com,929605679,6105614,64,235
583,MARSHALL,THORN,MARSHALL.THORN@gmail.com,662894321,5222912,34,235
584,SALVADOR,TEEL,SALVADOR.TEEL@yahoo.com,128505849,4210654,75,58
585,PERRY,SWAFFORD,PERRY.SWAFFORD@gmail.com,413878781,3510393,55,53
586,KIRK,STCLAIR,KIRK.STCLAIR@gmail.com,595268752,3556401,50,187
587,SERGIO,STANFIELD,SERGIO.STANFIELD@gmail.com,666721014,9318262,75,128
588,MARION,OCAMPO,MARION.OCAMPO@outlook.com,727085317,9700841,21,166
589,TRACY,HERRMANN,TRACY.HERRMANN@gmail.com,165954281,4268165,19,64
590,SETH,HANNON,SETH.HANNON@gmail.com,34083367,7028488,22,166
591,KENT,ARSENAULT,KENT.ARSENAULT@outlook.com,1003801475,8973472,28,222
592,TERRANCE,ROUSH,TERRANCE.ROUSH@gmail.com,105175832,8212814,30,61
593,RENE,MCALISTER,RENE.MCALISTER@yahoo.com,780978950,8797419,36,74
594,EDUARDO,HIATT,EDUARDO.HIATT@gmail.com,453288188,3310029,25,15
595,TERRENCE,GUNDERSON,TERRENCE.GUNDERSON@gmail.com,526623286,6879806,25,15
596,ENRIQUE,FORSYTHE,ENRIQUE.FORSYTHE@gmail.com,980374966,3346623,8,22
597,FREDDIE,DUGGAN,FREDDIE.DUGGAN@gmail.com,879375819,4715645,1,125
598,WADE,DELVALLE,WADE.DELVALLE@gmail.com,492997435,6804513,7,205
599,AUSTIN,CINTRON,AUSTIN.CINTRON@gmail.com,685834018,8130656,33,158
606,sofia,uribe,sacd,55,854,85,1
